{
  "intents": [
    {
      "name": "provas_substitutivas",
      "action": "provas_substitutivas",
      "patterns": [
        "prova(s)? substitutiv(a|as)",
        "perdi (uma )?prova",
        "substitutiva"
      ]
    },
    {
      "name": "carteirinha_segunda_via",
      "action": "carteirinha_segunda_via",
      "patterns": [
        "2.?\\s?via (da )?carteirinha",
        "segunda via carteirinha",
        "carteirinha.*(perdi|roubaram|estragou)"
      ]
    },
    {
      "name": "trancamento_disciplina",
      "action": "trancamento_disciplina",
      "patterns": [
        "trancament(o|a) de disciplina",
        "trancar disciplina"
      ]
    },
    {
      "name": "revisao_nota",
      "action": "revisao_nota",
      "patterns": [
        "revis(ão|ao) de nota",
        "revisar nota",
        "questionar nota"
      ]
    }
  ]
}
